,Country,Year,Tobac_Use_M,Tobac_Use_F,Tax_2015,Happiness_Score,Afford_2015,Ban_Score_Dir_Ads,Ban_Score_Indr_Ads,Ban_Score_add_indir_ads,Warn_Score,Ban_Score_places
0,Albania,2015,51.2,7.6,65.195,4.959,3.92,8,8,3,50.0,8
1,Argentina,2015,29.5,18.4,75.045,6.574,1.31,7,10,5,50.0,8
2,Armenia,2015,52.3,1.5,34.165,4.35,3.945,5,2,0,50.0,3
3,Australia,2015,16.7,13.1,58.515,7.284,2.285,6,2,0,83.0,6
4,Austria,2015,35.5,34.8,74.83500000000002,7.2,1.225,7,8,5,65.0,2
5,Azerbaijan,2015,46.5,0.4,17.705,5.2120000000000015,2.055,8,8,3,30.0,3
6,Bahrain,2015,48.8,7.6,16.665,5.96,1.05,7,10,5,50.0,0
7,Bangladesh,2015,39.8,0.7,62.0,4.694,3.58,8,5,2,50.0,5
8,Belarus,2015,46.2,10.6,50.335,5.813,0.6799999999999999,7,4,3,50.0,0
9,Belgium,2015,26.5,20.0,75.815,6.937,1.56,6,5,4,65.0,1
10,Benin,2015,17.7,1.0,7.58,3.34,11.195,8,9,5,75.0,8
11,Bosnia and Herzegovina,2015,47.2,30.0,83.175,4.949,4.365,6,2,1,52.70873786407767,0
12,Brazil,2015,19.3,11.3,66.445,6.983,1.89,8,7,3,65.0,8
13,Bulgaria,2015,42.4,28.2,82.945,4.218,4.065,5,2,1,65.0,8
14,Burkina Faso,2015,36.0,4.5,33.505,3.587,14.45,7,7,6,60.0,8
15,Cambodia,2015,44.1,2.8,23.72,3.819,4.275,8,1,4,55.0,8
16,Cameroon,2015,43.8,0.9,19.74,4.252,6.869999999999999,6,2,0,70.0,3
17,Canada,2015,17.7,12.2,68.005,7.427,1.635,5,5,0,75.0,7
18,Chile,2015,40.0,36.0,85.99,6.67,2.12,8,5,0,50.0,8
19,China,2015,47.6,1.8,53.575,5.14,2.55,7,3,1,35.0,1
20,Colombia,2015,16.0,6.2,49.475,6.477,1.57,8,8,4,30.0,8
21,Comoros,2015,23.1,6.0,44.33,3.956,15.44,4,3,0,40.0,5
22,Costa Rica,2015,18.5,8.3,56.425,7.226,2.71,8,8,7,50.0,8
23,Croatia,2015,39.4,33.5,76.215,5.759,2.76,8,9,7,65.0,6
24,Czechia,2015,37.4,29.0,77.44,6.505,1.755,6,4,0,65.0,4
25,Denmark,2015,17.6,16.4,74.75,7.527,1.215,7,5,2,65.0,1
26,Dominican Republic,2015,18.8,9.4,58.04,4.885,5.21,0,0,0,52.70873786407767,3
27,Ecuador,2015,14.0,3.3,72.10499999999998,5.975,4.7349999999999985,7,7,3,60.0,8
28,Egypt,2015,49.9,0.3,73.315,4.194,3.105,8,7,0,50.0,8
29,Estonia,2015,41.2,24.9,77.22,5.4289999999999985,2.31,7,3,1,50.0,1
30,Ethiopia,2015,8.9,0.5,18.77,4.512,10.825,8,6,5,30.0,3
31,Finland,2015,23.2,18.5,83.25,7.4060000000000015,1.385,7,8,7,65.0,1
32,France,2015,29.8,25.6,80.3,6.575,1.98,6,9,6,65.0,3
33,Georgia,2015,57.7,5.7,59.3,4.297,2.8,8,9,6,65.0,7
34,Germany,2015,32.4,28.3,71.64500000000002,6.75,1.52,6,3,0,65.0,0
35,Ghana,2015,13.1,0.4,28.205,4.633,6.2,8,10,6,50.0,0
36,Greece,2015,52.6,32.7,80.275,4.857,2.3,5,3,2,65.0,8
37,Honduras,2015,33.3,2.1,35.535,4.788,7.025,6,0,2,50.0,8
38,Hungary,2015,32.0,24.8,75.39,4.8,2.825,6,6,2,65.0,7
39,Iceland,2015,17.0,15.1,55.965,7.561,1.835,7,7,4,35.0,1
40,India,2015,20.4,1.9,47.02,4.565,13.09,7,8,3,85.0,6
41,Indonesia,2015,76.2,3.6,55.42,5.399,4.5600000000000005,0,4,1,40.0,4
42,Iran (Islamic Republic of),2015,21.5,0.7,23.075000000000006,4.686,1.15,8,10,7,50.0,8
43,Ireland,2015,22.4,21.9,78.03,6.94,2.345,6,4,3,65.0,8
44,Israel,2015,41.2,19.3,78.725,7.278,2.03,2,3,0,30.0,3
45,Italy,2015,28.3,19.7,75.81,5.948,1.865,7,1,0,65.0,0
46,Jamaica,2015,29.9,5.9,43.71,5.709,14.215,2,0,0,60.0,8
47,Japan,2015,33.7,10.6,63.71,5.987,1.06,0,0,0,30.0,4
48,Jordan,2015,70.2,10.7,83.08000000000001,5.192,4.08,8,2,2,40.0,4
49,Kazakhstan,2015,43.9,9.3,42.24500000000001,5.855,0.815,8,4,2,50.0,5
50,Kenya,2015,24.6,2.1,50.52,4.419,8.28,8,10,6,40.0,0
51,Kyrgyzstan,2015,50.4,3.6,38.765,5.2860000000000005,4.7650000000000015,7,7,3,50.0,4
52,Latvia,2015,48.9,24.3,78.36,5.098,2.455,7,3,2,65.0,6
53,Lebanon,2015,45.4,31.0,42.29,4.839,1.9,8,9,5,40.0,8
54,Liberia,2015,27.6,2.4,23.135,4.5710000000000015,11.765,0,0,0,52.70873786407767,0
55,Lithuania,2015,38.1,22.2,75.41,5.832999999999998,2.1950000000000003,7,8,6,65.0,4
56,Luxembourg,2015,25.8,21.4,70.47999999999998,6.9460000000000015,0.55,6,8,5,65.0,3
57,Malaysia,2015,43.0,1.4,54.04,5.77,3.185,8,5,2,55.0,0
58,Mali,2015,36.8,3.2,27.69,3.995,17.335,7,9,5,30.0,0
59,Malta,2015,29.7,20.2,76.31,6.3020000000000005,2.4400000000000004,7,6,0,65.0,8
60,Mauritania,2015,44.0,3.7,8.185,4.436,10.015,8,5,6,70.0,2
61,Mauritius,2015,40.1,3.3,71.375,5.477,3.89,8,9,6,65.0,7
62,Mexico,2015,20.8,6.6,67.445,7.187,3.02,4,7,5,65.0,1
63,Mongolia,2015,47.7,5.3,60.185,4.874,1.735,8,9,6,65.0,5
64,Morocco,2015,45.4,1.4,70.85,5.013,6.965,4,4,1,52.70873786407767,5
65,Mozambique,2015,31.4,5.9,31.125,4.971,15.1,6,3,1,28.0,1
66,Myanmar,2015,31.6,6.4,42.645,4.307,5.7650000000000015,7,3,4,75.0,5
67,Nepal,2015,37.1,11.1,27.07,4.5139999999999985,18.115,8,10,7,90.0,8
68,Netherlands,2015,26.2,23.9,72.80000000000003,7.377999999999999,1.525,6,9,4,65.0,0
69,Niger,2015,18.6,0.2,31.590000000000003,3.845,19.6,8,9,5,50.0,4
70,Nigeria,2015,17.4,1.1,20.63,5.268,4.395,8,10,7,50.0,0
71,Norway,2015,22.4,22.1,67.435,7.522,1.545,6,8,5,35.0,8
72,Oman,2015,21.0,1.0,21.11,6.853,1.04,8,1,0,50.0,0
73,Pakistan,2015,41.9,3.0,62.75,5.194,3.215,6,5,0,60.0,8
74,Panama,2015,10.6,2.6,56.52,6.7860000000000005,3.3200000000000003,8,10,6,50.0,8
75,Paraguay,2015,28.3,7.9,16.7,5.877999999999999,0.6100000000000001,7,7,6,40.0,6
76,Philippines,2015,43.0,8.5,68.42,5.073,1.74,7,2,0,50.0,5
77,Poland,2015,32.4,23.7,79.265,5.791,2.87,8,5,2,65.0,3
78,Portugal,2015,31.5,13.7,74.03,5.102,2.66,6,7,5,65.0,6
79,Romania,2015,36.9,22.7,73.62,5.124,4.445,6,3,1,65.0,8
80,Saudi Arabia,2015,27.9,2.9,18.335,6.4110000000000005,1.015,8,8,4,65.0,6
81,Senegal,2015,23.4,0.7,36.5,3.904,6.73,8,9,4,70.0,7
82,Serbia,2015,43.6,39.7,77.815,5.122999999999998,2.655,7,4,1,35.0,5
83,Sierra Leone,2015,60.0,12.0,13.16,4.507,10.125,0,0,0,52.70873786407767,0
84,Singapore,2015,28.0,5.0,66.23,6.797999999999999,1.77,8,4,6,50.0,5
85,Slovakia,2015,39.7,17.6,79.80000000000003,5.995,2.025,7,5,5,65.0,4
86,Slovenia,2015,22.3,18.1,79.475,5.848,1.77,8,9,7,65.0,3
87,South Africa,2015,31.4,6.5,49.185,4.642,4.4849999999999985,5,7,3,20.0,0
88,Spain,2015,31.3,27.1,78.345,6.329,2.085,7,9,5,65.0,8
89,Sri Lanka,2015,28.4,0.4,66.07,4.271,11.86,6,7,1,80.0,6
90,Sweden,2015,20.4,20.8,68.67,7.364,1.415,7,4,0,65.0,0
91,Switzerland,2015,26.9,19.7,61.03,7.5870000000000015,1.025,3,0,0,43.0,0
92,Thailand,2015,41.4,2.3,73.305,6.455,3.28,8,6,5,85.0,8
93,Turkey,2015,39.5,12.4,82.59,5.332000000000002,3.085,8,10,5,85.0,8
94,Uganda,2015,16.4,2.9,39.215,3.931,12.56,8,10,7,65.0,8
95,Ukraine,2015,49.4,14.0,80.19,4.681,2.425,7,6,5,50.0,7
96,United Kingdom of Great Britain and Northern Ireland,2015,19.9,18.4,81.33,6.867000000000001,2.555,7,6,2,65.0,8
97,United States of America,2015,19.5,15.0,42.775,7.119,1.1549999999999998,2,0,0,50.0,1
98,Uruguay,2015,26.7,19.4,66.13,6.485,2.245,8,10,6,80.0,8
99,Uzbekistan,2015,24.9,1.3,34.195,6.002999999999999,4.865,5,2,1,40.0,1
100,Viet Nam,2015,47.1,1.3,33.730000000000004,5.36,4.21,8,7,4,50.0,6
101,Zambia,2015,26.5,4.6,35.555,5.129,8.74,0,1,0,52.70873786407767,7
102,Zimbabwe,2015,31.2,2.1,36.01,4.61,10.3,0,2,0,20.0,4
